date,year,month,day,day_of_year,day_of_week,is_weekend,month_sin,month_cos,day_sin,day_cos,temperature_max_lag1,temperature_max_lag2,temperature_max_lag3,temperature_max_lag7,temperature_max_rolling3,temperature_max_rolling7,temperature_max_rolling14,temperature_max_rolling30,temperature_min_lag1,temperature_min_lag2,temperature_min_lag3,temperature_min_lag7,temperature_min_rolling3,temperature_min_rolling7,temperature_min_rolling14,temperature_min_rolling30,rainfall_lag1,rainfall_lag2,rainfall_lag3,rainfall_lag7,rainfall_rolling3,rainfall_rolling7,rainfall_rolling14,rainfall_rolling30,precipitation_hours_lag1,precipitation_hours_lag2,precipitation_hours_lag3,precipitation_hours_lag7,precipitation_hours_rolling3,precipitation_hours_rolling7,precipitation_hours_rolling14,precipitation_hours_rolling30,snowfall_lag1,snowfall_lag2,snowfall_lag3,snowfall_lag7,snowfall_rolling3,snowfall_rolling7,snowfall_rolling14,snowfall_rolling30,wind_speed_lag1,wind_speed_lag2,wind_speed_lag3,wind_speed_lag7,wind_speed_rolling3,wind_speed_rolling7,wind_speed_rolling14,wind_speed_rolling30,cloud_cover_lag1,cloud_cover_lag2,cloud_cover_lag3,cloud_cover_lag7,cloud_cover_rolling3,cloud_cover_rolling7,cloud_cover_rolling14,cloud_cover_rolling30,humidity_lag1,humidity_lag2,humidity_lag3,humidity_lag7,humidity_rolling3,humidity_rolling7,humidity_rolling14,humidity_rolling30,pressure_lag1,pressure_lag2,pressure_lag3,pressure_lag7,pressure_rolling3,pressure_rolling7,pressure_rolling14,pressure_rolling30,temperature_max,temperature_min,rainfall,precipitation_hours,snowfall,wind_speed,cloud_cover,humidity,pressure,date_str
2025-03-31 22:28:06.539640,2025,3,31,90,0,0,1.0,6.123233995736766e-17,0.9997685019798909,0.021516097436222254,28.5,25.3,30.2,29.4,28.0,28.97142857142857,28.378571428571426,28.663333333333334,24.2,24.2,23.9,23.4,24.099999999999998,23.728571428571424,23.185714285714283,23.240000000000002,7.6,7.6,45.2,0.9,20.133333333333336,9.957142857142857,20.96428571428572,21.060000000000002,0.0,9.0,15.0,3.0,8.0,8.857142857142858,13.428571428571429,15.3,0.0,0.0,0.0,0.0,0.0,0.0,0.0,0.0,11.7,10.5,16.1,14.4,12.766666666666666,13.514285714285716,14.02142857142857,13.79,87.0,87.0,77.0,58.0,83.66666666666667,71.71428571428571,82.5,79.83333333333333,85.0,85.0,83.0,78.0,84.33333333333333,81.42857142857143,84.42857142857143,85.5,1002.9,1002.9,1001.4,1003.4,1002.4,1001.9285714285713,1004.2571428571428,1004.4166666666667,28.331788983708375,23.756999999999994,0.0,11.61,0.0,12.133588331479132,77.05073649847473,84.42,1003.1469691564153,03-31
2025-04-01 22:28:06.539640,2025,4,1,91,1,0,0.8660254037844387,-0.4999999999999998,0.9999907397361901,0.004303538296244289,28.331788983708375,28.5,0.0,0.0,27.37726299456946,28.818826997672627,28.35941349883631,28.691059632790278,23.756999999999994,24.2,0.0,0.0,24.052333333333333,23.779571428571433,23.232642857142856,23.2619,0.0,7.6,0.0,0.0,5.066666666666666,9.828571428571427,19.871428571428574,19.233333333333338,11.61,0.0,0.0,0.0,6.87,10.087142857142856,13.115,14.887,0.0,0.0,0.0,0.0,0.0,0.0,0.0,0.0,12.133588331479132,11.7,0.0,0.0,11.444529443826378,13.190512618782734,14.102399166534223,13.727786277715971,77.05073649847473,87.0,0.0,0.0,83.68357883282492,74.43581949978211,82.14648117846248,79.20169121661583,84.42,85.0,0.0,0.0,84.80666666666667,82.34571428571428,84.45857142857143,85.31400000000001,1003.1469691564153,1002.9,0.0,0.0,1002.9823230521384,1001.8924241652021,1004.196212082601,1004.3315656385474,28.227978383288956,23.727999999999994,0.0,11.7,0.0,12.095855318052699,77.55353189214311,84.0,1003.0236348823568,04-01
2025-04-02 22:28:06.539640,2025,4,2,92,2,0,0.8660254037844387,-0.4999999999999998,0.9999166586547379,-0.01291029607500882,28.227978383288956,28.331788983708375,28.5,0.0,28.35325578899911,28.651395338142475,28.32569766907124,28.64199224556658,23.727999999999994,23.756999999999994,24.2,0.0,23.894999999999996,23.812142857142856,23.25607142857143,23.286166666666663,0.0,0.0,7.6,0.0,2.533333333333333,9.700000000000001,17.892857142857142,18.89666666666667,11.7,11.61,0.0,0.0,7.77,10.901428571428571,12.736428571428572,14.710333333333333,0.0,0.0,0.0,0.0,0.0,0.0,0.0,0.0,12.095855318052699,12.133588331479132,11.7,0.0,11.976481216510612,13.161349092790262,14.009245974966559,13.807648121651061,77.55353189214311,77.05073649847473,87.0,0.0,80.53475613020595,79.08632405580256,81.18601917075841,79.65347561302059,84.0,84.42,85.0,0.0,84.47333333333334,83.20285714285716,84.10142857142857,85.214,1003.0236348823568,1003.1469691564153,1002.9,0.0,1003.0235346795907,1002.1672291483959,1004.0193288599122,1004.2956868012926,28.29886158014295,23.714000000000002,0.0,10.86,0.0,12.104413299307922,76.25640953336817,84.16,1003.1567132238066,04-02
2025-04-03 22:28:06.539640,2025,4,3,93,3,0,0.8660254037844387,-0.4999999999999998,0.9995462806873573,-0.030120304846908114,28.29886158014295,28.227978383288956,28.331788983708375,0.0,28.286209649046764,28.408375563877183,28.318473496224307,28.631954298238007,23.714000000000002,23.727999999999994,23.756999999999994,0.0,23.732999999999993,23.97128571428571,23.299928571428573,23.2933,0.0,0.0,0.0,0.0,0.0,9.285714285714286,13.921428571428569,17.416666666666668,10.86,11.7,11.61,0.0,11.39,10.452857142857143,12.012142857142859,14.305666666666667,0.0,0.0,0.0,0.0,0.0,0.0,0.0,0.0,12.104413299307922,12.095855318052699,12.133588331479132,0.0,12.11128564961325,13.04769384983425,13.78813263920284,13.647795231627992,76.25640953336817,77.55353189214311,77.05073649847473,0.0,76.95355930799535,80.40866827485515,79.632905565999,78.8620225974662,84.16,84.0,84.42,0.0,84.19333333333334,84.22571428571429,83.68428571428572,84.91933333333333,1003.1567132238066,1003.0236348823568,1003.1469691564153,0.0,1003.1091057541929,1002.4753310375112,1003.766236947327,1004.2842439087527,28.284995038372436,23.888999999999996,0.0,10.94,0.0,12.089801585469093,75.17720680978928,84.61,1003.3588860958106,04-03
2025-04-04 22:28:06.539640,2025,4,4,94,4,0,0.8660254037844387,-0.4999999999999998,0.9988797155850336,-0.04732138832243185,28.284995038372436,28.29886158014295,28.227978383288956,0.0,28.270611667268117,28.163374855073247,28.44597314182233,28.614787466183756,23.888999999999996,23.714000000000002,23.727999999999994,0.0,23.776999999999997,23.912571428571425,23.356285714285715,23.306266666666666,0.0,0.0,0.0,0.0,0.0,8.62857142857143,10.228571428571428,17.283333333333335,10.94,10.86,11.7,0.0,11.166666666666666,9.872857142857143,11.079285714285716,14.103666666666667,0.0,0.0,0.0,0.0,0.0,0.0,0.0,0.0,12.089801585469093,12.104413299307922,12.095855318052699,0.0,12.096690067609904,12.389094076329835,13.523118466736346,13.604121951143629,75.17720680978928,76.25640953336817,77.55353189214311,0.0,76.32904941176686,79.57684067625361,77.93127748098395,78.70126282445918,84.61,84.16,84.0,0.0,84.25666666666666,84.31285714285715,83.085,84.80633333333334,1003.3588860958106,1003.1567132238066,1003.0236348823568,0.0,1003.1797447339914,1002.8408861940555,1003.4418716684561,1004.3128734452798,28.272570708715783,23.863000000000003,0.0,10.61,0.0,12.043518324625099,74.59307636224743,84.61,1003.2610905381907,04-04
2025-04-05 22:28:06.539640,2025,4,5,95,5,1,0.8660254037844387,-0.4999999999999998,0.9979171608653922,-0.06450844944931623,28.272570708715783,28.284995038372436,28.29886158014295,0.0,28.28547577574372,27.888027813461214,28.586871049587746,28.58053982314095,23.863000000000003,23.888999999999996,23.714000000000002,0.0,23.822,23.907285714285713,23.453642857142857,23.3117,0.0,0.0,0.0,0.0,0.0,2.1714285714285713,6.021428571428571,17.226666666666667,10.61,10.94,10.86,0.0,10.803333333333333,9.245714285714286,10.122857142857145,14.090666666666667,0.0,0.0,0.0,0.0,0.0,0.0,0.0,0.0,12.043518324625099,12.089801585469093,12.104413299307922,0.0,12.07924440313404,11.80959669413342,13.326226918495284,13.585572561964463,74.59307636224743,75.17720680978928,76.25640953336817,0.0,75.34223090180161,79.23299444228896,76.11649722114448,78.08769870320074,84.61,84.61,84.16,0.0,84.46,84.54285714285716,82.4142857142857,84.86,1003.2610905381907,1003.3588860958106,1003.1567132238066,0.0,1003.2588966192693,1003.1067562709401,1003.0676638497558,1004.3315764632193,28.261770722571423,23.866000000000003,0.0,10.21,0.0,11.986830492290114,74.08077529350987,84.61,1003.1925757521288,04-05
2025-04-06 22:28:06.539640,2025,4,6,96,6,1,0.8660254037844387,-0.4999999999999998,0.9966589017541702,-0.08167639533042241,28.261770722571423,28.272570708715783,28.284995038372436,0.0,28.273112156553214,28.311137916685706,28.605568958342847,28.53593218056,23.866000000000003,23.863000000000003,23.888999999999996,0.0,23.872666666666664,23.859571428571428,23.59407142857143,23.340566666666668,0.0,0.0,0.0,0.0,0.0,1.0857142857142856,5.292857142857143,17.01,10.21,10.61,10.94,0.0,10.586666666666666,9.418571428571429,9.852142857142857,13.997666666666667,0.0,0.0,0.0,0.0,0.0,0.0,0.0,0.0,11.986830492290114,12.043518324625099,12.089801585469093,0.0,12.040050134128103,12.022001050174865,13.03957195365886,13.5418002450408,74.08077529350987,74.59307636224743,75.17720680978928,0.0,74.61701948851554,77.38739091279037,74.90798117068091,77.65705787965108,84.61,84.61,84.61,0.0,84.61,84.48714285714287,82.67214285714284,84.91366666666667,1003.1925757521288,1003.2610905381907,1003.3588860958106,0.0,1003.2708507953768,1003.1485528069583,1002.7528478320506,1004.3079956549569,28.29029884398652,23.870000000000008,0.0,9.98,0.0,11.962217860110439,73.64545828136788,84.79,1003.1111396813093,04-06
2025-04-07 22:28:06.539640,2025,4,7,97,0,0,0.8660254037844387,-0.4999999999999998,0.9951053111006976,-0.09882013873287143,28.29029884398652,28.261770722571423,28.272570708715783,28.331788983708375,28.274880091757908,28.281180608683776,28.626304590056172,28.542275475359546,23.870000000000008,23.866000000000003,23.863000000000003,23.756999999999994,23.86633333333334,23.81242857142857,23.7705,23.369566666666667,0.0,0.0,0.0,0.0,0.0,0.0,4.978571428571429,14.863333333333333,9.98,10.21,10.61,11.61,10.266666666666667,10.844285714285716,9.850714285714286,13.563666666666668,0.0,0.0,0.0,0.0,0.0,0.0,0.0,0.0,11.962217860110439,11.986830492290114,12.043518324625099,12.133588331479132,11.997522225675217,12.059460744476356,12.786873229381035,13.48387417371115,73.64545828136788,74.08077529350987,74.59307636224743,77.05073649847473,74.1064366457084,75.47959923870006,73.5969424764929,77.51190648903001,84.79,84.61,84.61,84.42,84.67,84.45714285714287,82.94285714285715,84.67333333333335,1003.1111396813093,1003.1925757521288,1003.2610905381907,1003.1469691564153,1003.1882686572097,1003.178715618574,1002.5536435235728,1004.2917003110005,28.29522278173041,23.781,0.0,9.42,0.0,11.928298347181679,73.98268851820795,84.36,1002.9100909417084,04-07
2025-04-08 22:28:06.539640,2025,4,8,98,1,0,0.8660254037844387,-0.4999999999999998,0.9932568492674143,-0.11593459959550041,28.29522278173041,28.29029884398652,28.261770722571423,28.227978383288956,28.282430782762788,28.27595686554407,28.54739193160834,28.512116234750565,23.781,23.870000000000008,23.866000000000003,23.727999999999994,23.839000000000002,23.815857142857144,23.797714285714285,23.37226666666667,0.0,0.0,0.0,0.0,0.0,0.0,4.914285714285714,13.770000000000001,9.42,9.98,10.21,11.7,9.87,10.531428571428572,10.309285714285712,13.144333333333334,0.0,0.0,0.0,0.0,0.0,0.0,0.0,0.0,11.928298347181679,11.962217860110439,11.986830492290114,12.095855318052699,11.95911556652741,12.030133603862435,12.610323111322584,13.401484118617207,73.98268851820795,73.64545828136788,74.08077529350987,77.55353189214311,73.90297403102858,75.04130667009053,74.7385630849363,76.84466277297028,84.36,84.79,84.61,84.0,84.58666666666666,84.44857142857143,83.39714285714285,84.51866666666668,1002.9100909417084,1003.1111396813093,1003.1925757521288,1003.0236348823568,1003.0712687917154,1003.1448758736159,1002.5186500194089,1004.2387033423909,28.290207655962426,23.815,0.0,9.2,0.0,11.88730442870014,74.0380437941887,84.07,1002.6809673858298,04-08
2025-04-09 22:28:06.539640,2025,4,9,99,2,0,0.8660254037844387,-0.4999999999999998,0.9911140639934547,-0.1330147065341959,28.290207655962426,28.29522278173041,28.29029884398652,28.29886158014295,28.291909760559786,28.284846761640278,28.468121049891376,28.541789823282645,23.815,23.781,23.870000000000008,23.714000000000002,23.822000000000003,23.828285714285716,23.820214285714286,23.379433333333335,0.0,0.0,0.0,0.0,0.0,0.0,4.8500000000000005,12.253333333333332,9.2,9.42,9.98,10.86,9.533333333333333,10.174285714285714,10.53785714285714,12.651000000000002,0.0,0.0,0.0,0.0,0.0,0.0,0.0,0.0,11.88730442870014,11.928298347181679,11.962217860110439,12.104413299307922,11.92594021199742,12.000340619669215,12.580844856229737,13.374394266240545,74.0380437941887,73.98268851820795,73.64545828136788,76.25640953336817,73.8887301979215,74.53909408466848,76.81270907023551,75.97926423277657,84.07,84.36,84.79,84.16,84.40666666666667,84.45857142857143,83.83071428571428,84.15433333333335,1002.6809673858298,1002.9100909417084,1003.1111396813093,1003.1567132238066,1002.9007326696159,1003.0959233741121,1002.631576261254,1004.101402255252,28.28687574932014,23.905000000000005,0.0,9.12,0.0,11.846128165069482,74.17799191202151,83.82,1002.7103589385871,04-09
2025-04-10 22:28:06.539640,2025,4,10,100,3,0,0.8660254037844387,-0.4999999999999998,0.9886775902323405,-0.1500553983446526,28.28687574932014,28.290207655962426,28.29522278173041,28.284995038372436,28.290768729004327,28.28313450009416,28.34575503198567,28.55801901492665,23.905000000000005,23.815,23.781,23.888999999999996,23.83366666666667,23.85557142857143,23.913428571428575,23.392933333333335,0.0,0.0,0.0,0.0,0.0,0.0,4.642857142857143,11.033333333333333,9.12,9.2,9.42,10.94,9.246666666666664,9.925714285714287,10.189285714285715,12.155000000000001,0.0,0.0,0.0,0.0,0.0,0.0,0.0,0.0,11.846128165069482,11.88730442870014,11.928298347181679,12.089801585469093,11.887243646983768,11.963442743349436,12.505568296591841,13.13593187174286,74.17799191202151,74.0380437941887,73.98268851820795,75.17720680978928,74.06624140813939,74.24217728161895,77.32542277823704,75.31853062984395,83.82,84.07,84.36,84.61,84.08333333333333,84.41,84.31785714285715,83.84833333333336,1002.7103589385871,1002.6809673858298,1002.9100909417084,1003.3588860958106,1002.7671390887084,1003.0321584762235,1002.7537447568675,1003.9417475532047,28.278271116090295,23.931000000000008,0.0,9.43,0.0,11.810096731588105,74.24169338567056,83.58,1002.7207742288033,04-10
2025-04-11 22:28:06.539640,2025,4,11,101,4,0,0.8660254037844387,-0.4999999999999998,0.9859481499638304,-0.16705162550211924,28.278271116090295,28.28687574932014,28.290207655962426,28.272570708715783,28.285118173790952,28.282173939768143,28.222774397420693,28.543961385462993,23.931000000000008,23.905000000000005,23.815,23.863000000000003,23.88366666666667,23.861571428571434,23.887071428571428,23.400633333333328,0.0,0.0,0.0,0.0,0.0,0.0,4.314285714285715,10.43,9.43,9.12,9.2,10.61,9.25,9.709999999999999,9.791428571428572,11.736,0.0,0.0,0.0,0.0,0.0,0.0,0.0,0.0,11.810096731588105,11.846128165069482,11.88730442870014,12.043518324625099,11.847843108452574,11.923484907080722,12.156289491705278,13.10293509612913,74.24169338567056,74.17799191202151,74.0380437941887,74.59307636224743,74.15257636396025,74.10853250674485,76.84268659149923,75.82658707603296,83.58,83.82,84.07,84.61,83.82333333333332,84.26285714285714,84.28785714285712,83.63433333333336,1002.7207742288033,1002.7103589385871,1002.6809673858298,1003.2610905381907,1002.7040335177402,1002.9409996380798,1002.8909429160676,1003.839106694165,28.267313721427062,24.00000000000001,0.0,9.46,0.0,11.774093423293934,74.37693046085917,83.51,1002.7260398947825,04-11
2025-04-12 22:28:06.539640,2025,4,12,102,5,1,0.8660254037844387,-0.4999999999999998,0.9829265519799822,-0.18399835165768005,28.267313721427062,28.278271116090295,28.28687574932014,28.261770722571423,28.277486862279165,28.281422941584044,28.084725377522627,28.489538509510563,24.00000000000001,23.931000000000008,23.905000000000005,23.866000000000003,23.94533333333334,23.88114285714286,23.894214285714288,23.4473,0.0,0.0,0.0,0.0,0.0,0.0,1.0857142857142856,10.166666666666666,9.46,9.43,9.12,10.21,9.336666666666666,9.545714285714284,9.395714285714288,11.418000000000001,0.0,0.0,0.0,0.0,0.0,0.0,0.0,0.0,11.774093423293934,11.810096731588105,11.846128165069482,11.986830492290114,11.810106106650508,11.884995635461985,11.847296164797703,13.028738210238929,74.37693046085917,74.24169338567056,74.17799191202151,74.08077529350987,74.26553858618375,74.07765452083224,76.6553244815606,75.83915142472827,83.51,83.58,83.82,84.61,83.63666666666666,84.10571428571428,84.32428571428571,83.51800000000003,1002.7260398947825,1002.7207742288033,1002.7103589385871,1003.1925757521288,1002.7190576873909,1002.8645638318785,1002.9856600514092,1003.7733080239911,28.25328618780682,24.007,0.0,9.96,0.0,11.743229055098146,74.461724512619,83.53,1002.4992884478255,04-12
2025-04-13 22:28:06.539640,2025,4,13,103,6,1,0.8660254037844387,-0.4999999999999998,0.9796136916454901,-0.20089055513063506,28.25328618780682,28.267313721427062,28.278271116090295,28.29029884398652,28.266290341774724,28.280210865189098,28.2956743909374,28.47131471577079,24.007,24.00000000000001,23.931000000000008,23.870000000000008,23.97933333333334,23.901285714285716,23.880428571428574,23.480866666666664,0.0,0.0,0.0,0.0,0.0,0.0,0.5428571428571428,9.996666666666666,9.96,9.46,9.43,9.98,9.616666666666667,9.51,9.464285714285717,11.183333333333334,0.0,0.0,0.0,0.0,0.0,0.0,0.0,0.0,11.743229055098146,11.774093423293934,11.810096731588105,11.962217860110439,11.775806403326728,11.850195430148846,11.936098240161856,13.0201791787422,74.461724512619,74.37693046085917,74.24169338567056,73.64545828136788,74.36011611971624,74.13207583784781,75.7597333753191,76.88787557514891,83.53,83.51,83.58,84.79,83.54,83.95142857142856,84.21928571428573,83.46900000000002,1002.4992884478255,1002.7260398947825,1002.7207742288033,1003.1111396813093,1002.6487008571371,1002.7655227884064,1002.9570377976825,1003.6966176389186,28.26531134957255,24.018,0.0,9.91,0.0,11.719751145259993,74.76474146534898,83.63,1002.2680706434786,04-13
2025-04-14 22:28:06.539640,2025,4,14,104,0,0,0.8660254037844387,-0.4999999999999998,0.9760105506323683,-0.21772323039653177,28.26531134957255,28.25328618780682,28.267313721427062,28.29522278173041,28.261970419602147,28.27664122312996,28.278910915906867,28.42349176075654,24.018,24.007,24.00000000000001,23.781,24.008333333333336,23.922428571428576,23.867428571428572,23.484800000000003,0.0,0.0,0.0,0.0,0.0,0.0,0.0,9.8,9.91,9.96,9.46,9.42,9.776666666666667,9.5,10.172142857142859,11.180333333333332,0.0,0.0,0.0,0.0,0.0,0.0,0.0,0.0,11.719751145259993,11.743229055098146,11.774093423293934,11.928298347181679,11.745691207884024,11.815557328027353,11.937509036251857,12.940837550250865,74.76474146534898,74.461724512619,74.37693046085917,73.98268851820795,74.53446547960905,74.29197343555941,74.88578633712974,76.94670029066056,83.63,83.53,83.51,84.36,83.55666666666667,83.78571428571429,84.12142857142855,83.6566666666667,1002.2680706434786,1002.4992884478255,1002.7260398947825,1002.9100909417084,1002.4977996620288,1002.6450843544307,1002.9118999865024,1003.5855533270347,28.264256465471483,24.101999999999993,0.0,9.93,0.0,11.686288718750774,74.95984295162415,83.47,1002.3628897859619,04-14
2025-04-15 22:28:06.539640,2025,4,15,105,1,0,0.8660254037844387,-0.4999999999999998,0.9721181966290613,-0.23449138957040985,28.264256465471483,28.26531134957255,28.25328618780682,28.290207655962426,28.260951334283618,28.272217463664393,28.27408716460423,28.39230030960559,24.101999999999993,24.018,24.007,23.815,24.042333333333332,23.96828571428572,23.89207142857143,23.514866666666663,0.0,0.0,0.0,0.0,0.0,0.0,0.0,9.783333333333333,9.93,9.91,9.96,9.2,9.933333333333334,9.572857142857142,10.052142857142858,11.344666666666667,0.0,0.0,0.0,0.0,0.0,0.0,0.0,0.0,11.686288718750774,11.719751145259993,11.743229055098146,11.88730442870014,11.716422973036304,11.780984523965797,11.905559063914117,12.87371384087589,74.95984295162415,74.76474146534898,74.461724512619,74.0380437941887,74.72876964319737,74.43156692604745,74.736436798069,77.47869505571468,83.47,83.63,83.53,84.07,83.54333333333334,83.65857142857143,84.05357142857143,83.97233333333335,1002.3628897859619,1002.2680706434786,1002.4992884478255,1002.6809673858298,1002.3767496257555,1002.5669127607526,1002.8558943171842,1003.5309829865669,28.262848038079767,24.134999999999994,0.0,9.87,0.0,11.66713825258056,75.1370559327329,82.71,1002.48075000939,04-15
2025-04-16 22:28:06.539640,2025,4,16,106,2,0,0.8660254037844387,-0.4999999999999998,0.9679377830240642,-0.25119006388481935,28.262848038079767,28.264256465471483,28.26531134957255,28.28687574932014,28.264138617707932,28.268308946824018,28.276577854232148,28.32439524420825,24.134999999999994,24.101999999999993,24.018,23.905000000000005,24.084999999999994,24.014000000000003,23.921142857142854,23.566033333333333,0.0,0.0,0.0,0.0,0.0,0.0,0.0,9.783333333333333,9.87,9.93,9.91,9.12,9.903333333333334,9.668571428571427,9.921428571428574,11.673666666666666,0.0,0.0,0.0,0.0,0.0,0.0,0.0,0.0,11.66713825258056,11.686288718750774,11.719751145259993,11.846128165069482,11.691059372197108,11.74953221309157,11.874936416380393,12.892618449295242,75.1370559327329,74.95984295162415,74.76474146534898,74.17799191202151,74.95388011656867,74.58856866012518,74.56383137239683,78.44993025347246,82.71,83.47,83.63,83.82,83.27,83.46428571428571,83.96142857142857,84.19600000000001,1002.48075000939,1002.3628897859619,1002.2680706434786,1002.7103589385871,1002.3705701462768,1002.5383102784042,1002.817116826258,1003.5070079868798,28.261139947430447,24.10899999999999,0.0,9.83,0.0,11.66602159886205,75.30426110964218,82.62,1002.600539533014,04-16
2025-04-17 22:28:06.539640,2025,4,17,107,3,0,0.8660254037844387,-0.4999999999999998,0.9634705485641488,-0.2678143051621742,28.261139947430447,28.262848038079767,28.264256465471483,28.278271116090295,28.26274815032723,28.264632403696915,28.273883451895532,28.313099909122595,24.10899999999999,24.134999999999994,24.101999999999993,23.931000000000008,24.115333333333325,24.043142857142858,23.949357142857142,23.599666666666664,0.0,0.0,0.0,0.0,0.0,0.0,0.0,9.273333333333333,9.83,9.87,9.93,9.43,9.876666666666665,9.77,9.847857142857146,11.468,0.0,0.0,0.0,0.0,0.0,0.0,0.0,0.0,11.66602159886205,11.66713825258056,11.686288718750774,11.810096731588105,11.673149523397795,11.723802703633366,11.843622723491402,12.91481916925731,75.30426110964218,75.1370559327329,74.95984295162415,74.24169338567056,75.13371999799976,74.74946425978528,74.49582077070211,78.22673895712718,82.62,82.71,83.47,83.58,82.93333333333334,83.29285714285713,83.85142857142857,84.15000000000002,1002.600539533014,1002.48075000939,1002.3628897859619,1002.7207742288033,1002.4813931094553,1002.5226217918937,1002.7773901340586,1003.4603593046469,28.260478516150524,24.09599999999999,0.0,9.87,0.0,11.668585644011129,75.32870712450739,82.51,1002.6369438470294,04-17
2025-04-18 22:28:06.539640,2025,4,18,108,4,0,0.8660254037844387,-0.4999999999999998,0.9587178169872964,-0.2843591872810034,28.260478516150524,28.261139947430447,28.262848038079767,28.267313721427062,28.261488833886915,28.262090603705524,28.27213227173683,28.29844919299428,24.09599999999999,24.10899999999999,24.134999999999994,24.00000000000001,24.113333333333326,24.066714285714284,23.96414285714286,23.622866666666667,0.0,0.0,0.0,0.0,0.0,0.0,0.0,8.350000000000001,9.87,9.83,9.87,9.46,9.856666666666667,9.832857142857142,9.771428571428572,11.230333333333332,0.0,0.0,0.0,0.0,0.0,0.0,0.0,0.0,11.668585644011129,11.66602159886205,11.66713825258056,11.774093423293934,11.66724849848458,11.703586833979513,11.813535870530117,12.857105357391015,75.32870712450739,75.30426110964218,75.1370559327329,74.37693046085917,75.25667472229416,74.90475193676197,74.5066422217534,77.7043625279441,82.51,82.62,82.71,83.51,82.61333333333333,83.14,83.70142857142856,83.93366666666667,1002.6369438470294,1002.600539533014,1002.48075000939,1002.7260398947825,1002.5727444631444,1002.5106460230688,1002.7258228305743,1003.3649240995477,28.260032676980398,24.150999999999996,0.0,9.77,0.0,11.665382546396282,75.33339773813286,82.36,1002.511336642737,04-18
2025-04-19 22:28:06.539640,2025,4,19,109,5,1,0.8660254037844387,-0.4999999999999998,0.9536809966304457,-0.30081980763566735,28.260032676980398,28.260478516150524,28.261139947430447,28.25328618780682,28.260550380187123,28.261050454498854,28.271236698041445,28.293783615560297,24.150999999999996,24.09599999999999,24.10899999999999,24.007,24.11866666666666,24.088285714285714,23.98471428571429,23.657899999999998,0.0,0.0,0.0,0.0,0.0,0.0,0.0,6.496666666666667,9.77,9.87,9.83,9.96,9.823333333333332,9.877142857142857,9.711428571428572,10.856,0.0,0.0,0.0,0.0,0.0,0.0,0.0,0.0,11.665382546396282,11.668585644011129,11.66602159886205,11.743229055098146,11.666663263089822,11.68805670870842,11.786526172085201,12.739284775604228,75.33339773813286,75.32870712450739,75.30426110964218,74.461724512619,75.32212199076082,75.04139011922963,74.55952232003094,76.9488091192152,82.36,82.51,82.62,83.53,82.49666666666667,82.97571428571428,83.54071428571429,83.679,1002.511336642737,1002.6369438470294,1002.600539533014,1002.4992884478255,1002.5829400075935,1002.4799741299195,1002.672268980899,1003.2253019876389,28.260168842388936,24.171999999999997,0.0,10.06,0.0,11.646824956524782,75.35894183661192,82.71,1002.45547894326,04-19
2025-04-20 22:28:06.539640,2025,4,20,110,6,1,0.8660254037844387,-0.4999999999999998,0.9483615800121715,-0.3171912885891061,28.260168842388936,28.260032676980398,28.260478516150524,28.26531134957255,28.260226678506616,28.262033690867728,28.27112227802841,28.352455910306595,24.171999999999997,24.150999999999996,24.09599999999999,24.018,24.13966666666666,24.111857142857136,24.006571428571426,23.693633333333334,0.0,0.0,0.0,0.0,0.0,0.0,0.0,4.7733333333333325,10.06,9.77,9.87,9.91,9.9,9.891428571428571,9.700714285714286,10.391333333333332,0.0,0.0,0.0,0.0,0.0,0.0,0.0,0.0,11.646824956524782,11.665382546396282,11.668585644011129,11.719751145259993,11.66026438231073,11.67428469462651,11.762240062387677,12.600845607488388,75.35894183661192,75.33339773813286,75.32870712450739,74.76474146534898,75.34034889975072,75.16956402265721,74.65081993025251,76.16077384710226,82.71,82.36,82.51,83.63,82.52666666666666,82.85857142857142,83.405,83.33600000000001,1002.45547894326,1002.511336642737,1002.6369438470294,1002.2680706434786,1002.5345864776755,1002.4737156292673,1002.6196192088371,1003.0438179524141,28.262844051616447,24.203999999999994,0.0,10.04,0.0,11.620143192327243,75.46013457728466,82.61,1002.5815103460416,04-20
2025-04-21 22:28:06.539640,2025,4,21,111,0,0,0.8660254037844387,-0.4999999999999998,0.9427611433904207,-0.3334687789181868,28.262844051616447,28.260168842388936,28.260032676980398,28.264256465471483,28.261015190328596,28.26168121973114,28.26916122143055,28.41788404536047,24.203999999999994,24.171999999999997,24.150999999999996,24.101999999999993,24.17566666666666,24.138428571428562,24.03042857142857,23.75043333333333,0.0,0.0,0.0,0.0,0.0,0.0,0.0,2.81,10.04,10.06,9.77,9.93,9.956666666666665,9.91,9.705,9.926,0.0,0.0,0.0,0.0,0.0,0.0,0.0,0.0,11.620143192327243,11.646824956524782,11.665382546396282,11.686288718750774,11.644116898416101,11.660054987064688,11.73780615754602,12.49485038056596,75.46013457728466,75.35894183661192,75.33339773813286,74.95984295162415,75.38415805067648,75.26890589579088,74.78043966567513,75.34277833301175,82.61,82.71,82.36,83.47,82.56,82.71285714285715,83.24928571428572,82.95633333333335,1002.5815103460416,1002.45547894326,1002.511336642737,1002.3628897859619,1002.5161086440129,1002.5184927296334,1002.5817885420321,1002.8465349639488,28.266037226408347,24.177,0.0,9.99,0.0,11.604222060443446,75.4799574999638,82.54,1002.605764147385,04-21
2025-04-22 22:28:06.539640,2025,4,22,112,1,0,0.8660254037844387,-0.4999999999999998,0.9368813462954315,-0.3496474552512284,28.266037226408347,28.262844051616447,28.260168842388936,28.262848038079767,28.263016706804578,28.261935614150694,28.267076538907553,28.426751952907413,24.177,24.203999999999994,24.171999999999997,24.134999999999994,24.18433333333333,24.149142857142852,24.05871428571429,23.82633333333333,0.0,0.0,0.0,0.0,0.0,0.0,0.0,2.4699999999999998,9.99,10.04,10.06,9.87,10.030000000000001,9.918571428571429,9.745714285714286,9.792333333333335,0.0,0.0,0.0,0.0,0.0,0.0,0.0,0.0,11.604222060443446,11.620143192327243,11.646824956524782,11.66713825258056,11.623730069765157,11.648331178735072,11.714657851350433,12.348324449247407,75.4799574999638,75.46013457728466,75.35894183661192,75.1370559327329,75.43301130462014,75.34320797412511,74.88738745008628,74.82544358301055,82.54,82.61,82.71,82.71,82.62,82.58,83.11928571428572,83.00766666666668,1002.605764147385,1002.5815103460416,1002.45547894326,1002.48075000939,1002.5475844788956,1002.5531890669797,1002.5600509138661,1002.6800604355284,28.267528291899602,24.151999999999997,0.0,9.6,0.0,11.591601824457227,75.52291291659148,82.64,1002.4801569430925,04-22
2025-04-23 22:28:06.539640,2025,4,23,113,2,0,0.8660254037844387,-0.4999999999999998,0.9307239310379795,-0.36572252349726897,28.267528291899602,28.266037226408347,28.262844051616447,28.261139947430447,28.26546985664147,28.26260422183924,28.265456584331634,28.435669562637404,24.151999999999997,24.177,24.203999999999994,24.10899999999999,24.177666666666664,24.151571428571422,24.082785714285713,23.918066666666665,0.0,0.0,0.0,0.0,0.0,0.0,0.0,2.3233333333333333,9.6,9.99,10.04,9.83,9.876666666666667,9.879999999999999,9.774285714285714,9.779000000000002,0.0,0.0,0.0,0.0,0.0,0.0,0.0,0.0,11.591601824457227,11.604222060443446,11.620143192327243,11.66602159886205,11.605322359075972,11.637540260431736,11.693536236761656,12.218044510062645,75.52291291659148,75.4799574999638,75.46013457728466,75.30426110964218,75.48766833127998,75.39833040039062,74.99344953025789,74.27620734689692,82.64,82.54,82.61,82.62,82.59666666666668,82.57000000000001,83.01714285714286,83.06233333333334,1002.4801569430925,1002.605764147385,1002.5815103460416,1002.600539533014,1002.5558104788397,1002.5531043432229,1002.5457073108136,1002.5660656669647,28.268857811641457,24.196999999999992,0.0,9.63,0.0,11.569894099618029,75.55492705398169,82.57,1002.4242992436156,04-23
2025-04-24 22:28:06.539640,2025,4,24,114,3,0,0.8660254037844387,-0.4999999999999998,0.9242907221930933,-0.3816892202666588,28.268857811641457,28.267528291899602,28.266037226408347,28.260478516150524,28.26747444331647,28.263706773869384,28.26416958878315,28.39796482302545,24.196999999999992,24.151999999999997,24.177,24.09599999999999,24.175333333333327,24.164142857142853,24.103642857142855,23.944633333333336,0.0,0.0,0.0,0.0,0.0,0.0,0.0,2.2933333333333334,9.63,9.6,9.99,9.87,9.74,9.851428571428572,9.810714285714285,10.000000000000002,0.0,0.0,0.0,0.0,0.0,0.0,0.0,0.0,11.569894099618029,11.591601824457227,11.604222060443446,11.668585644011129,11.588572661506234,11.623807760539734,11.67380523208655,12.123707646716582,75.55492705398169,75.52291291659148,75.4799574999638,75.32870712450739,75.51926582351233,75.43413982101056,75.0918020403979,74.86137158202965,82.57,82.64,82.54,82.51,82.58333333333333,82.56285714285715,82.92785714285715,83.21466666666667,1002.4242992436156,1002.4801569430925,1002.605764147385,1002.6369438470294,1002.503406778031,1002.5279271590232,1002.5252744754583,1002.5335423084185,28.26856315378174,24.214999999999996,0.0,9.74,0.0,11.550496502785725,75.70860715279271,82.61,1002.3953974305291,04-24
2025-04-25 22:28:06.539640,2025,4,25,115,4,0,0.8660254037844387,-0.4999999999999998,0.9175836260593937,-0.39754281428255595,28.26856315378174,28.268857811641457,28.267528291899602,28.260032676980398,28.268316419107602,28.264861722102417,28.263476162903974,28.360250261484843,24.214999999999996,24.196999999999992,24.151999999999997,24.150999999999996,24.188,24.181142857142852,24.123928571428568,23.968466666666664,0.0,0.0,0.0,0.0,0.0,0.0,0.0,2.2633333333333336,9.74,9.63,9.6,9.77,9.656666666666666,9.832857142857142,9.832857142857142,10.124666666666668,0.0,0.0,0.0,0.0,0.0,0.0,0.0,0.0,11.550496502785725,11.569894099618029,11.591601824457227,11.665382546396282,11.570664142286994,11.606937883221818,11.655262358600666,12.098724196809439,75.70860715279271,75.55492705398169,75.52291291659148,75.33339773813286,75.59548237445529,75.48841125362274,75.19658159519236,75.88499182045607,82.61,82.57,82.64,82.36,82.60666666666667,82.57714285714285,82.85857142857141,83.36833333333334,1002.3953974305291,1002.4242992436156,1002.4801569430925,1002.511336642737,1002.4332845390791,1002.4934205280944,1002.5020332755818,1002.5767222227697,28.267929060570204,24.244999999999994,0.0,9.94,0.0,11.53578134100473,75.92311174111832,82.65,1002.3953974305291,04-25
2025-04-26 22:28:06.539640,2025,4,26,116,5,1,0.8660254037844387,-0.4999999999999998,0.9106046300942162,-0.4132786077829042,28.267929060570204,28.26856315378174,28.268857811641457,28.260168842388936,28.268450008664463,28.265989776900962,28.263520115699915,28.30251456350385,24.244999999999994,24.214999999999996,24.196999999999992,24.171999999999997,24.218999999999994,24.19457142857143,24.14142857142857,24.023300000000003,0.0,0.0,0.0,0.0,0.0,0.0,0.0,2.1666666666666665,9.94,9.74,9.63,10.06,9.770000000000001,9.85714285714286,9.867142857142856,9.989333333333333,0.0,0.0,0.0,0.0,0.0,0.0,0.0,0.0,11.53578134100473,11.550496502785725,11.569894099618029,11.646824956524782,11.552057314469494,11.588423425308742,11.638240067008581,12.053250241509597,75.92311174111832,75.70860715279271,75.55492705398169,75.35894183661192,75.72888198263091,75.5726561111921,75.30702311521087,76.18242887849335,82.65,82.61,82.57,82.71,82.61,82.61857142857143,82.79714285714284,83.55666666666667,1002.3953974305291,1002.3953974305291,1002.4242992436156,1002.45547894326,1002.4050313682246,1002.4768577834932,1002.4784159567064,1002.623235470454,28.266525253332702,24.16199999999999,0.0,9.96,0.0,11.525650353967674,76.10091965180051,82.77,1002.3369254802683,04-26
2025-04-27 22:28:06.539640,2025,4,27,117,6,1,0.8660254037844387,-0.4999999999999998,0.9033558023246845,-0.4288919379124835,28.266525253332702,28.267929060570204,28.26856315378174,28.262844051616447,28.267672489228215,28.266897835607214,28.26446576323747,28.24473207194827,24.16199999999999,24.244999999999994,24.214999999999996,24.203999999999994,24.207333333333327,24.19314285714285,24.152499999999993,24.018700000000006,0.0,0.0,0.0,0.0,0.0,0.0,0.0,2.0133333333333336,9.96,9.94,9.74,10.04,9.88,9.842857142857143,9.867142857142856,9.821333333333333,0.0,0.0,0.0,0.0,0.0,0.0,0.0,0.0,11.525650353967674,11.53578134100473,11.550496502785725,11.620143192327243,11.537309399252711,11.571112767800583,11.622698731213548,11.880771919975185,76.10091965180051,75.92311174111832,75.70860715279271,75.46013457728466,75.91087951523718,75.67865294193332,75.42410848229527,76.01912620022003,82.77,82.65,82.61,82.61,82.67666666666666,82.62714285714286,82.74285714285713,83.51566666666668,1002.3369254802683,1002.3953974305291,1002.3953974305291,1002.5815103460416,1002.3759067804422,1002.4599215744946,1002.466818601881,1002.6744663197964,28.264946188834315,24.214000000000002,0.0,9.9,0.0,11.509823631203938,76.18118590819054,82.79,1002.2480574851959,04-27
2025-04-28 22:28:06.539640,2025,4,28,118,0,0,0.8660254037844387,-0.4999999999999998,0.895839290734909,-0.4443781781046132,28.264946188834315,28.266525253332702,28.267929060570204,28.266037226408347,28.266466834245744,28.26719814092405,28.2644396803276,28.18023027824275,24.214000000000002,24.16199999999999,24.244999999999994,24.177,24.206999999999994,24.194571428571425,24.166499999999992,24.029166666666676,0.0,0.0,0.0,0.0,0.0,0.0,0.0,0.5066666666666666,9.9,9.96,9.94,9.99,9.933333333333332,9.822857142857144,9.866428571428571,9.65133333333333,0.0,0.0,0.0,0.0,0.0,0.0,0.0,0.0,11.509823631203938,11.525650353967674,11.53578134100473,11.604222060443446,11.523751775392114,11.555352830497254,11.607703908780971,11.727766041015316,76.18118590819054,76.10091965180051,75.92311174111832,75.4799574999638,76.06840576703645,75.78166027491986,75.52528308535537,75.99183239715971,82.79,82.77,82.65,82.54,82.73666666666668,82.65285714285713,82.68285714285715,83.50866666666667,1002.2480574851959,1002.3369254802683,1002.3953974305291,1002.605764147385,1002.326793465331,1002.4122854515165,1002.465389090575,1002.702734902636,28.26294180356087,24.193999999999992,0.0,9.92,0.0,11.491246040920068,76.26188314971093,82.85,1002.0307182648437,04-28
2025-04-29 22:28:06.539640,2025,4,29,119,1,0,0.8660254037844387,-0.4999999999999998,0.8880573226294932,-0.45973273945210397,28.26294180356087,28.264946188834315,28.266525253332702,28.267528291899602,28.264804415242633,28.266755937660125,28.26434577590541,28.278995005028115,24.193999999999992,24.214000000000002,24.16199999999999,24.151999999999997,24.189999999999994,24.196999999999996,24.173071428571426,24.02896666666667,0.0,0.0,0.0,0.0,0.0,0.0,0.0,0.2533333333333333,9.92,9.9,9.96,9.6,9.926666666666668,9.812857142857142,9.865714285714285,9.681999999999999,0.0,0.0,0.0,0.0,0.0,0.0,0.0,0.0,11.491246040920068,11.509823631203938,11.525650353967674,11.591601824457227,11.508906675363894,11.53921339913677,11.59377228893592,11.760807575712654,76.26188314971093,76.18118590819054,76.10091965180051,75.52291291659148,76.18132956990065,75.89336393916945,75.61828595664728,75.63389516881675,82.85,82.79,82.77,82.64,82.80333333333333,82.69714285714285,82.63857142857141,83.437,1002.0307182648437,1002.2480574851959,1002.3369254802683,1002.4801569430925,1002.205233743436,1002.3301360397251,1002.4416625533523,1002.6737588447975,28.266371277295846,24.241999999999994,0.0,9.8,0.0,11.458023417793239,76.37501252805231,82.73,1001.6264495848981,04-29
