date,year,month,day,day_of_year,day_of_week,is_weekend,month_sin,month_cos,day_sin,day_cos,temperature_max_lag1,temperature_max_lag2,temperature_max_lag3,temperature_max_lag7,temperature_max_rolling3,temperature_max_rolling7,temperature_max_rolling14,temperature_max_rolling30,temperature_min_lag1,temperature_min_lag2,temperature_min_lag3,temperature_min_lag7,temperature_min_rolling3,temperature_min_rolling7,temperature_min_rolling14,temperature_min_rolling30,rainfall_lag1,rainfall_lag2,rainfall_lag3,rainfall_lag7,rainfall_rolling3,rainfall_rolling7,rainfall_rolling14,rainfall_rolling30,precipitation_hours_lag1,precipitation_hours_lag2,precipitation_hours_lag3,precipitation_hours_lag7,precipitation_hours_rolling3,precipitation_hours_rolling7,precipitation_hours_rolling14,precipitation_hours_rolling30,snowfall_lag1,snowfall_lag2,snowfall_lag3,snowfall_lag7,snowfall_rolling3,snowfall_rolling7,snowfall_rolling14,snowfall_rolling30,wind_speed_lag1,wind_speed_lag2,wind_speed_lag3,wind_speed_lag7,wind_speed_rolling3,wind_speed_rolling7,wind_speed_rolling14,wind_speed_rolling30,cloud_cover_lag1,cloud_cover_lag2,cloud_cover_lag3,cloud_cover_lag7,cloud_cover_rolling3,cloud_cover_rolling7,cloud_cover_rolling14,cloud_cover_rolling30,humidity_lag1,humidity_lag2,humidity_lag3,humidity_lag7,humidity_rolling3,humidity_rolling7,humidity_rolling14,humidity_rolling30,pressure_lag1,pressure_lag2,pressure_lag3,pressure_lag7,pressure_rolling3,pressure_rolling7,pressure_rolling14,pressure_rolling30,temperature_max,temperature_min,rainfall,precipitation_hours,snowfall,wind_speed,cloud_cover,humidity,pressure,date_str
2025-05-05 00:05:17.890358,2025,5,5,125,0,0,0.49999999999999994,-0.8660254037844387,0.8359254794186372,-0.548842958284719,28.5,25.3,30.2,29.4,28.0,28.97142857142857,28.378571428571426,28.663333333333334,24.2,24.2,23.9,23.4,24.099999999999998,23.728571428571424,23.185714285714283,23.240000000000002,7.6,7.6,45.2,0.9,20.133333333333336,9.957142857142857,20.96428571428572,21.060000000000002,0.0,9.0,15.0,3.0,8.0,8.857142857142858,13.428571428571429,15.3,0.0,0.0,0.0,0.0,0.0,0.0,0.0,0.0,11.7,10.5,16.1,14.4,12.766666666666666,13.514285714285716,14.02142857142857,13.79,87.0,87.0,77.0,58.0,83.66666666666667,71.71428571428571,82.5,79.83333333333333,85.0,85.0,83.0,78.0,84.33333333333333,81.42857142857143,84.42857142857143,85.5,1002.9,1002.9,1001.4,1003.4,1002.4,1001.9285714285713,1004.2571428571428,1004.4166666666667,28.35290956325986,24.006,0.0,9.99,0.0,11.82169164234966,77.5002302298615,84.94,1003.0829170400073,05-05
2025-05-06 00:05:17.890358,2025,5,6,126,1,0,0.49999999999999994,-0.8660254037844387,0.8263541987239096,-0.5631507242749186,28.35290956325986,28.5,0.0,0.0,27.384303187753286,28.821844223322838,28.360922111661417,28.691763652108662,24.006,24.2,0.0,0.0,24.135333333333335,23.81514285714286,23.250428571428568,23.2702,0.0,7.6,0.0,0.0,5.066666666666666,9.828571428571427,19.871428571428574,19.233333333333338,9.99,0.0,0.0,0.0,6.330000000000001,9.855714285714285,12.999285714285715,14.833,0.0,0.0,0.0,0.0,0.0,0.0,0.0,0.0,11.82169164234966,11.7,0.0,0.0,11.34056388078322,13.145955948907096,14.080120831596403,13.717389721411655,77.5002302298615,87.0,0.0,0.0,83.8334100766205,74.5000328899802,82.17858787356154,79.2166743409954,84.94,85.0,0.0,0.0,84.98,82.42,84.49571428571429,85.33133333333333,1003.0829170400073,1002.9,0.0,0.0,1002.9609723466691,1001.8832738628581,1004.1916369314289,1004.3294305680005,28.253467224464544,23.903000000000006,0.0,11.71,0.0,11.77646992171336,77.8118650643362,84.5,1002.9595827659488,05-06
2025-05-07 00:05:17.890358,2025,5,7,127,2,0,0.49999999999999994,-0.8660254037844387,0.8165380514459161,-0.5772916165517272,28.253467224464544,28.35290956325986,28.5,0.0,28.3687922625748,28.65805382681777,28.329026913408885,28.64354589292415,23.903000000000006,24.006,24.2,0.0,24.036333333333335,23.87271428571429,23.286357142857145,23.3003,0.0,0.0,7.6,0.0,2.533333333333333,9.700000000000001,17.892857142857142,18.89666666666667,11.71,9.99,0.0,0.0,7.233333333333334,10.671428571428573,12.621428571428572,14.656666666666666,0.0,0.0,0.0,0.0,0.0,0.0,0.0,0.0,11.77646992171336,11.82169164234966,11.7,0.0,11.766053854687675,13.07116593772329,13.964154397433072,13.786605385468768,77.8118650643362,77.5002302298615,87.0,0.0,80.77069843139924,79.18744218488538,81.23657823529983,79.67706984313993,84.5,84.94,85.0,0.0,84.81333333333333,83.34857142857143,84.17428571428572,85.248,1002.9595827659488,1003.0829170400073,1002.9,0.0,1002.980833268652,1002.148928543708,1004.0101785575681,1004.2914166601987,28.326264481220168,24.05100000000001,0.0,11.19,0.0,11.77411025460765,76.78689014846866,84.56,1003.0926611073986,05-07
2025-05-08 00:05:17.890358,2025,5,8,128,3,0,0.49999999999999994,-0.8660254037844387,0.8064799463209448,-0.5912614448635781,28.326264481220168,28.253467224464544,28.35290956325986,0.0,28.310880422981523,28.418948752706367,28.3237600906389,28.634421375631486,24.05100000000001,23.903000000000006,24.006,0.0,23.986666666666668,24.080000000000005,23.354285714285712,23.31866666666667,0.0,0.0,0.0,0.0,0.0,9.285714285714286,13.921428571428569,17.416666666666668,11.19,11.71,9.99,0.0,10.963333333333333,10.27,11.920714285714286,14.263,0.0,0.0,0.0,0.0,0.0,0.0,0.0,0.0,11.77411025460765,11.77646992171336,11.82169164234966,0.0,11.790757272890223,12.91032454552438,13.719447987047904,13.61574239395569,76.78689014846866,77.8118650643362,77.5002302298615,0.0,77.3663284808888,80.58556934895232,79.7213561030476,78.90329951475556,84.56,84.5,84.94,0.0,84.66666666666667,84.42857142857143,83.78571428571429,84.96666666666667,1003.0926611073986,1002.9595827659488,1003.0829170400073,0.0,1003.0450536377849,1002.4478801304792,1003.752511493811,1004.277838697112,28.31401366727798,24.10599999999999,0.0,10.84,0.0,11.749179075906165,75.90583548793259,84.87,1003.2948339794026,05-08
2025-05-09 00:05:17.890358,2025,5,9,129,4,0,0.49999999999999994,-0.8660254037844387,0.7961828637826158,-0.6050560696488488,28.31401366727798,28.326264481220168,28.253467224464544,0.0,28.297915124320895,28.178093562317507,28.453332495444467,28.618221831207418,24.10599999999999,24.05100000000001,23.903000000000006,0.0,24.02,24.052285714285716,23.426142857142853,23.338866666666668,0.0,0.0,0.0,0.0,0.0,8.62857142857143,10.228571428571428,17.283333333333335,10.84,11.19,11.71,0.0,11.246666666666664,9.675714285714287,10.980714285714285,14.057666666666666,0.0,0.0,0.0,0.0,0.0,0.0,0.0,0.0,11.749179075906165,11.77411025460765,11.77646992171336,0.0,11.766586417409059,12.203064413510976,13.430103635326915,13.560715029819228,75.90583548793259,76.78689014846866,77.8118650643362,0.0,76.83486356691249,79.85783156151413,78.0717729236142,78.7668273643533,84.87,84.56,84.5,0.0,84.64333333333333,84.55285714285715,83.205,84.86233333333332,1003.2948339794026,1003.0926611073986,1002.9595827659488,0.0,1003.1156926175832,1002.8042849846796,1003.4235710637682,1004.3043331630921,28.30249043383418,24.09599999999999,0.0,10.59,0.0,11.697363850273835,75.33821262497194,84.8,1003.1970384217827,05-09
2025-05-10 00:05:17.890358,2025,5,10,130,5,1,0.49999999999999994,-0.8660254037844387,0.7856498550787147,-0.6186714032625031,28.30249043383418,28.31401366727798,28.326264481220168,0.0,28.314256194110772,27.90702076715096,28.596367526432626,28.584971512335226,24.09599999999999,24.10599999999999,24.05100000000001,0.0,24.08433333333333,24.080285714285715,23.540142857142854,23.352066666666666,0.0,0.0,0.0,0.0,0.0,2.1714285714285713,6.021428571428571,17.226666666666667,10.59,10.84,11.19,0.0,10.873333333333335,9.045714285714286,10.022857142857143,14.043999999999999,0.0,0.0,0.0,0.0,0.0,0.0,0.0,0.0,11.697363850273835,11.749179075906165,11.77411025460765,0.0,11.740217726929217,11.574116392121525,13.208486767489333,13.530627158161689,75.33821262497194,75.90583548793259,76.78689014846866,0.0,76.01031275379107,79.62043336508155,76.31021668254077,78.17810111851902,84.8,84.87,84.56,0.0,84.74333333333334,84.80999999999999,82.54785714285713,84.92233333333334,1003.1970384217827,1003.2948339794026,1003.0926611073986,0.0,1003.1948445028614,1003.06100475922,1003.0447880938956,1004.3209011104847,28.29236418233136,24.063999999999993,0.0,10.28,0.0,11.63623616773331,74.8899597486639,84.65,1003.0912637310307,05-10
2025-05-11 00:05:17.890358,2025,5,11,131,6,1,0.49999999999999994,-0.8660254037844387,0.7748840413670407,-0.6321034111873487,28.29236418233136,28.30249043383418,28.31401366727798,0.0,28.302956094481175,28.33450136462687,28.617250682313436,28.541383651746273,24.063999999999993,24.09599999999999,24.10599999999999,0.0,24.088666666666658,24.060857142857145,23.694714285714287,23.387533333333334,0.0,0.0,0.0,0.0,0.0,1.0857142857142856,5.292857142857143,17.01,10.28,10.59,10.84,0.0,10.57,9.22857142857143,9.757142857142856,13.95333333333333,0.0,0.0,0.0,0.0,0.0,0.0,0.0,0.0,11.63623616773331,11.697363850273835,11.749179075906165,0.0,11.694259697971104,11.736435844654855,12.896789350898855,13.4751683637528,74.8899597486639,75.33821262497194,75.90583548793259,0.0,75.3780026205228,77.89042761489068,75.15949952173105,77.77443311014116,84.65,84.8,84.87,0.0,84.77333333333334,84.76,82.80857142857144,84.97733333333333,1003.0912637310307,1003.1970384217827,1003.2948339794026,0.0,1003.1943787107388,1003.0883281493672,1002.7227355032549,1004.2939432348523,28.321491269696605,24.104999999999997,0.0,10.45,0.0,11.605059820034967,74.53563604641771,84.55,1003.0912637310307,05-11
2025-05-12 00:05:17.890358,2025,5,12,132,0,0,0.49999999999999994,-0.8660254037844387,0.7638886127905428,-0.6453481132295501,28.321491269696605,28.29236418233136,28.30249043383418,28.35290956325986,28.305448628620713,28.309000117440668,28.64021434443462,28.54876669406949,24.104999999999997,24.063999999999993,24.09599999999999,24.006,24.088333333333328,24.047285714285714,23.887928571428574,23.424366666666668,0.0,0.0,0.0,0.0,0.0,0.0,4.978571428571429,14.863333333333333,10.45,10.28,10.59,9.99,10.44,10.721428571428573,9.789285714285715,13.534999999999997,0.0,0.0,0.0,0.0,0.0,0.0,0.0,0.0,11.605059820034967,11.63623616773331,11.697363850273835,11.82169164234966,11.646219946014037,11.722872961802707,12.61857933804421,13.405337024420634,74.53563604641771,74.8899597486639,75.33821262497194,77.5002302298615,74.92126947335119,76.10980419295036,73.91204495361804,77.65895431168842,84.55,84.65,84.8,84.94,84.66666666666667,84.69571428571429,83.06214285714285,84.72900000000001,1003.0912637310307,1003.0912637310307,1003.1970384217827,1003.0829170400073,1003.1265219612815,1003.1156515395144,1002.522111484043,1004.2769853592201,28.326970443545218,24.16999999999999,0.0,9.53,0.0,11.570727677292028,74.97510794372958,84.54,1002.8887226628138,05-12
2025-05-13 00:05:17.890358,2025,5,13,133,1,0,0.49999999999999994,-0.8660254037844387,0.7526668275320085,-0.6584015846980488,28.326970443545218,28.321491269696605,28.29236418233136,28.253467224464544,28.31360863185773,28.305294528910004,28.563569376116423,28.519665708854333,24.16999999999999,24.104999999999997,24.063999999999993,23.903000000000006,24.112999999999996,24.07071428571428,23.942928571428578,23.44003333333333,0.0,0.0,0.0,0.0,0.0,0.0,4.914285714285714,13.770000000000001,9.53,10.45,10.28,11.71,10.086666666666666,10.655714285714286,10.255714285714287,13.119333333333328,0.0,0.0,0.0,0.0,0.0,0.0,0.0,0.0,11.570727677292028,11.605059820034967,11.63623616773331,11.77646992171336,11.604007888353435,11.687020966794472,12.416488457850786,13.311027946997033,74.97510794372958,74.53563604641771,74.8899597486639,77.8118650643362,74.80023457960374,75.74907243778866,75.12455266388443,77.02479124314605,84.54,84.55,84.65,84.5,84.58,84.63857142857144,83.5292857142857,84.58033333333334,1002.8887226628138,1003.0912637310307,1003.0912637310307,1002.9595827659488,1003.0237500416251,1003.0879094856298,1002.4855916742438,1004.2232761146472,28.322273103179025,24.194999999999997,0.0,9.2,0.0,11.53042952715532,75.02500461275135,84.46,1002.5720136945245,05-13
2025-05-14 00:05:17.890358,2025,5,14,134,2,0,0.49999999999999994,-0.8660254037844387,0.7412220108485958,-0.6712599575675313,28.322273103179025,28.326970443545218,28.321491269696605,28.326264481220168,28.32357827214028,28.31512394015493,28.486588883486355,28.550408145626964,24.194999999999997,24.16999999999999,24.104999999999997,24.05100000000001,24.156666666666663,24.112428571428563,23.992571428571434,23.459866666666663,0.0,0.0,0.0,0.0,0.0,0.0,4.8500000000000005,12.253333333333332,9.2,9.53,10.45,11.19,9.726666666666665,10.297142857142859,10.484285714285715,12.625999999999996,0.0,0.0,0.0,0.0,0.0,0.0,0.0,0.0,11.53042952715532,11.570727677292028,11.605059820034967,11.77411025460765,11.56873900816077,11.651872339000468,12.36151913836188,13.27204226456888,75.02500461275135,74.97510794372958,74.53563604641771,76.78689014846866,74.84524953429955,75.35094951613368,77.26919585050952,76.19229139690444,84.46,84.54,84.55,84.56,84.51666666666667,84.63285714285715,83.99071428571428,84.22900000000001,1002.5720136945245,1002.8887226628138,1003.0912637310307,1003.0926611073986,1002.850666696123,1003.0325424754263,1002.5907355095669,1004.082343237798,28.319162070990316,24.22599999999999,0.0,8.91,0.0,11.483608254737284,75.21215245756832,83.69,1002.418247733117,05-14
2025-05-15 00:05:17.890358,2025,5,15,135,3,0,0.49999999999999994,-0.8660254037844387,0.7295575540864875,-0.6839194216246106,28.319162070990316,28.322273103179025,28.326970443545218,28.31401366727798,28.322801872571517,28.3141093101221,28.366529031414235,28.567713547993307,24.22599999999999,24.194999999999997,24.16999999999999,24.10599999999999,24.196999999999992,24.137428571428565,24.108714285714285,23.484066666666664,0.0,0.0,0.0,0.0,0.0,0.0,4.642857142857143,11.033333333333333,8.91,9.2,9.53,10.84,9.213333333333333,9.971428571428572,10.120714285714286,12.122999999999998,0.0,0.0,0.0,0.0,0.0,0.0,0.0,0.0,11.483608254737284,11.53042952715532,11.570727677292028,11.749179075906165,11.528255153061544,11.610372053304701,12.260348299414543,13.021495873060122,75.21215245756832,75.02500461275135,74.97510794372958,75.90583548793259,75.07075500468308,75.1259869888622,77.85577816890726,75.56602981215671,83.69,84.46,84.54,84.87,84.23,84.50857142857141,84.46857142857142,83.91866666666668,1002.418247733117,1002.5720136945245,1002.8887226628138,1003.2948339794026,1002.6263280301517,1002.9361977076717,1002.6920389190755,1003.9129514955686,28.31072723321536,24.271999999999984,0.0,9.55,0.0,11.432163641547524,75.3590725054737,83.48,1002.3166937025685,05-15
2025-05-16 00:05:17.890358,2025,5,16,136,4,0,0.49999999999999994,-0.8660254037844387,0.717676913675962,-0.6963762255968722,28.31072723321536,28.319162070990316,28.322273103179025,28.30249043383418,28.317387469128235,28.31363981954172,28.24586669092962,28.554737789100486,24.271999999999984,24.22599999999999,24.194999999999997,24.09599999999999,24.23099999999999,24.161142857142853,24.106714285714283,23.50313333333333,0.0,0.0,0.0,0.0,0.0,0.0,4.314285714285715,10.43,9.55,8.91,9.2,10.59,9.22,9.787142857142856,9.731428571428571,11.708,0.0,0.0,0.0,0.0,0.0,0.0,0.0,0.0,11.432163641547524,11.483608254737284,11.53042952715532,11.697363850273835,11.48206714114671,11.565084134110608,11.884074273810795,12.97590132777837,75.3590725054737,75.21215245756832,75.02500461275135,75.33821262497194,75.19874319193111,75.04787799136807,77.4528547764411,76.11133222900584,83.48,83.69,84.46,84.8,83.87666666666667,84.30999999999999,84.43142857142857,83.70133333333335,1002.3166937025685,1002.418247733117,1002.5720136945245,1003.1970384217827,1002.43565171007,1002.7964633824098,1002.8003741835447,1003.7968412856541,28.299897932228497,24.211999999999993,0.0,9.44,0.0,11.380179978583728,75.66718084375161,82.71,1002.3065294354567,05-16
2025-05-17 00:05:17.890358,2025,5,17,137,5,1,0.49999999999999994,-0.8660254037844387,0.705583610107178,-0.7086266782644596,28.299897932228497,28.31072723321536,28.319162070990316,28.29236418233136,28.309929078811393,28.31326946216948,28.11014511466022,28.501401053508104,24.211999999999993,24.271999999999984,24.22599999999999,24.063999999999993,24.236666666666654,24.177714285714277,24.128999999999994,23.556866666666668,0.0,0.0,0.0,0.0,0.0,0.0,1.0857142857142856,10.166666666666666,9.44,9.55,8.91,10.28,9.299999999999999,9.622857142857141,9.334285714285715,11.389333333333333,0.0,0.0,0.0,0.0,0.0,0.0,0.0,0.0,11.380179978583728,11.432163641547524,11.483608254737284,11.63623616773331,11.431983958289512,11.519772152440593,11.546944272281062,12.888573993731162,75.66718084375161,75.3590725054737,75.21215245756832,74.8899597486639,75.41280193559788,75.09487345119373,77.35765340813764,76.16690492379757,82.71,83.48,83.69,84.65,83.29333333333334,84.01142857142858,84.41071428571429,83.55833333333335,1002.3065294354567,1002.3166937025685,1002.418247733117,1003.0912637310307,1002.3471569570474,1002.6692478129345,1002.8651262860774,1003.7170589335026,28.285972039080345,24.29699999999999,0.0,9.6,0.0,11.340006002038841,75.83991121266519,82.95,1001.9866846688088,05-17
2025-05-18 00:05:17.890358,2025,5,18,138,6,1,0.49999999999999994,-0.8660254037844387,0.6932812268869777,-0.7206671495538609,28.285972039080345,28.299897932228497,28.31072723321536,28.321491269696605,28.2988657348414,28.31235629884791,28.323428831737385,28.48426678814411,24.29699999999999,24.211999999999993,24.271999999999984,24.104999999999997,24.260333333333325,24.21099999999999,24.135928571428565,23.6001,0.0,0.0,0.0,0.0,0.0,0.0,0.5428571428571428,9.996666666666666,9.6,9.44,9.55,10.45,9.530000000000001,9.525714285714285,9.377142857142857,11.142666666666667,0.0,0.0,0.0,0.0,0.0,0.0,0.0,0.0,11.340006002038841,11.380179978583728,11.432163641547524,11.605059820034967,11.384116540723364,11.477453557341383,11.606944700998122,12.866574193799122,75.83991121266519,75.66718084375161,75.3590725054737,74.53563604641771,75.6220548539635,75.23058080319392,76.56050420904229,77.26156863088643,82.95,82.71,83.48,84.55,83.04666666666667,83.76857142857143,84.26428571428572,83.49000000000001,1001.9866846688088,1002.3065294354567,1002.3166937025685,1003.0912637310307,1002.2033026022781,1002.5114508040458,1002.7998894767064,1003.6232817557963,28.298079300043455,24.24299999999999,0.0,9.81,0.0,11.306627079377517,76.19697116642374,82.86,1001.6464659594991,05-18
2025-05-19 00:05:17.890358,2025,5,19,139,0,0,0.49999999999999994,-0.8660254037844387,0.6807734094770161,-0.7324940716135789,28.298079300043455,28.285972039080345,28.299897932228497,28.326970443545218,28.29464975711743,28.3090117317546,28.30900592459763,28.437536098145564,24.24299999999999,24.29699999999999,24.211999999999993,24.16999999999999,24.25066666666666,24.230714285714278,24.138999999999992,23.611533333333334,0.0,0.0,0.0,0.0,0.0,0.0,0.0,9.8,9.81,9.6,9.44,9.53,9.616666666666667,9.434285714285712,10.077857142857143,11.136333333333337,0.0,0.0,0.0,0.0,0.0,0.0,0.0,0.0,11.306627079377517,11.340006002038841,11.380179978583728,11.570727677292028,11.342271020000027,11.434820308676034,11.57884663523937,12.773461763111705,76.19697116642374,75.83991121266519,75.66718084375161,74.97510794372958,75.90135440761351,75.4679143917662,75.78885929235828,77.3681343364339,82.86,82.95,82.71,84.54,82.83999999999999,83.52714285714285,84.11142857142856,83.652,1001.6464659594991,1001.9866846688088,1002.3065294354567,1002.8887226628138,1001.9798933545882,1002.3050511223984,1002.7103513309565,1003.4914972877796,28.29708969818493,24.241999999999983,0.0,9.83,0.0,11.260824711487334,76.5480045762785,82.89,1001.4120964156274,05-19
2025-05-20 00:05:17.890358,2025,5,20,140,1,0,0.49999999999999994,-0.8660254037844387,0.6680638642135335,-0.7441039398713607,28.29708969818493,28.298079300043455,28.285972039080345,28.322273103179025,28.29371367910291,28.304743053845986,28.305018791377996,28.40743908808506,24.241999999999983,24.24299999999999,24.29699999999999,24.194999999999997,24.26066666666665,24.24099999999999,24.155857142857137,23.64626666666666,0.0,0.0,0.0,0.0,0.0,0.0,0.0,9.783333333333333,9.83,9.81,9.6,9.2,9.746666666666668,9.477142857142857,10.06642857142857,11.297333333333334,0.0,0.0,0.0,0.0,0.0,0.0,0.0,0.0,11.260824711487334,11.306627079377517,11.340006002038841,11.53042952715532,11.302485930967897,11.39054845641822,11.538784711606345,12.692155920161282,76.5480045762785,76.19697116642374,75.83991121266519,75.02500461275135,76.19496231845581,75.69261391070177,75.72084317424522,77.95306782230982,82.89,82.86,82.95,84.46,82.89999999999999,83.29142857142857,83.96500000000002,83.94833333333332,1001.4120964156274,1001.6464659594991,1001.9866846688088,1002.5720136945245,1001.6817490146451,1002.0941045156576,1002.5910070006437,1003.4052338349672,28.295620135803176,24.225999999999985,0.0,10.02,0.0,11.215219130567842,76.94135266133853,82.99,1001.4575842329126,05-20
2025-05-21 00:05:17.890358,2025,5,21,141,2,0,0.49999999999999994,-0.8660254037844387,0.6551563572090853,-0.7554933140726803,28.295620135803176,28.29708969818493,28.298079300043455,28.319162070990316,28.296929711343854,28.300935487078014,28.30802971361647,28.340626425945167,24.225999999999985,24.241999999999983,24.24299999999999,24.22599999999999,24.236999999999984,24.24542857142856,24.178928571428564,23.70046666666666,0.0,0.0,0.0,0.0,0.0,0.0,0.0,9.783333333333333,10.02,9.83,9.81,8.91,9.886666666666667,9.594285714285714,9.945714285714287,11.631333333333334,0.0,0.0,0.0,0.0,0.0,0.0,0.0,0.0,11.215219130567842,11.260824711487334,11.306627079377517,11.483608254737284,11.260890307144232,11.345518399762867,11.498695369381666,12.695996557846877,76.94135266133853,76.5480045762785,76.19697116642374,75.21215245756832,76.56210946801359,75.9663779176428,75.65866371688823,78.98444624435443,82.99,82.89,82.86,83.69,82.91333333333334,83.08142857142856,83.85714285714288,84.18133333333331,1001.4575842329126,1001.4120964156274,1001.6464659594991,1002.418247733117,1001.5053822026797,1001.9349003068556,1002.4837213911411,1003.3471533093978,28.29379202677855,24.30599999999999,0.0,10.1,0.0,11.19511129537986,77.32924489411198,83.02,1001.8051924778147,05-21
2025-05-22 00:05:17.890358,2025,5,22,142,3,0,0.49999999999999994,-0.8660254037844387,0.6420547132365637,-0.766658819300159,28.29379202677855,28.295620135803176,28.29708969818493,28.31072723321536,28.295500620255552,28.29731119504776,28.30571025258493,28.330419493504454,24.30599999999999,24.225999999999985,24.241999999999983,24.271999999999984,24.257999999999985,24.256857142857136,24.197142857142847,23.740666666666662,0.0,0.0,0.0,0.0,0.0,0.0,0.0,9.273333333333333,10.1,10.02,9.83,9.55,9.983333333333334,9.764285714285714,9.867857142857142,11.434666666666667,0.0,0.0,0.0,0.0,0.0,0.0,0.0,0.0,11.19511129537986,11.215219130567842,11.260824711487334,11.432163641547524,11.223718379145012,11.304304548426092,11.457338300865398,12.702500267692873,77.32924489411198,76.94135266133853,76.5480045762785,75.3590725054737,76.93953404390966,76.26881969429189,75.69740334157703,78.82875440749149,83.02,82.99,82.89,83.48,82.96666666666665,82.98571428571428,83.74714285714286,84.14866666666666,1001.8051924778147,1001.4575842329126,1001.4120964156274,1002.3166937025685,1001.5582910421182,1001.8473209846696,1002.3917593461707,1003.2739930586582,28.29297408798605,24.19699999999999,0.0,10.28,0.0,11.203364562580301,77.44172875383595,83.16,1001.8689529074751,05-22
2025-05-23 00:05:17.890358,2025,5,23,143,4,0,0.49999999999999994,-0.8660254037844387,0.6287628145958344,-0.7775971469736269,28.29297408798605,28.29379202677855,28.295620135803176,28.299897932228497,28.29412875018926,28.29477503144357,28.30420742549265,28.31685196310399,24.19699999999999,24.30599999999999,24.225999999999985,24.211999999999993,24.242999999999984,24.24614285714285,24.20364285714285,23.76723333333333,0.0,0.0,0.0,0.0,0.0,0.0,0.0,8.350000000000001,10.28,10.1,10.02,9.44,10.133333333333333,9.868571428571428,9.827857142857141,11.210666666666667,0.0,0.0,0.0,0.0,0.0,0.0,0.0,0.0,11.203364562580301,11.19511129537986,11.215219130567842,11.380179978583728,11.204564996176002,11.271618965716488,11.41835154991355,12.629279086445552,77.44172875383595,77.32924489411198,76.94135266133853,75.66718084375161,77.23744210309549,76.5663420154865,75.80711000342727,78.37681203261937,83.16,83.02,82.99,82.71,83.05666666666666,82.93999999999998,83.625,83.95399999999998,1001.8689529074751,1001.8051924778147,1001.4575842329126,1002.3065294354567,1001.7105765394008,1001.7833580139421,1002.2899106981758,1003.1529581555743,28.292339684351113,24.348999999999986,0.0,10.15,0.0,11.207895517471146,77.53163483263343,82.95,1001.8224851942058,05-23
2025-05-24 00:05:17.890358,2025,5,24,144,5,1,0.49999999999999994,-0.8660254037844387,0.6152845999633276,-0.7883050558305255,28.292339684351113,28.29297408798605,28.29379202677855,28.285972039080345,28.293035266371902,28.293695281746803,28.303482371958147,28.31326328591569,24.348999999999986,24.19699999999999,24.30599999999999,24.29699999999999,24.28399999999999,24.26571428571427,24.221714285714278,23.808866666666663,0.0,0.0,0.0,0.0,0.0,0.0,0.0,6.496666666666667,10.15,10.28,10.1,9.6,10.176666666666668,9.97,9.796428571428569,10.848999999999997,0.0,0.0,0.0,0.0,0.0,0.0,0.0,0.0,11.207895517471146,11.203364562580301,11.19511129537986,11.340006002038841,11.202123791810436,11.247006899843262,11.38338952614193,12.496208937027925,77.53163483263343,77.44172875383595,77.32924489411198,75.83991121266519,77.43420282686044,76.83269258532677,75.96378301826026,77.69453319370714,82.95,83.16,83.02,82.95,83.04333333333334,82.97428571428573,83.49285714285715,83.71899999999998,1001.8224851942058,1001.8689529074751,1001.8051924778147,1001.9866846688088,1001.8322101931652,1001.7142088366206,1002.1917283247775,1002.9903743287143,28.29226298325654,24.188,0.0,10.67,0.0,11.198960564931117,77.59691681098255,83.0,1001.656509048425,05-24
2025-05-25 00:05:17.890358,2025,5,25,145,6,1,0.49999999999999994,-0.8660254037844387,0.6016240632249226,-0.7987793728863649,28.29226298325654,28.292339684351113,28.29297408798605,28.298079300043455,28.292525585197897,28.294593988057688,28.3034751434528,28.373005385357576,24.188,24.348999999999986,24.19699999999999,24.24299999999999,24.24466666666666,24.25014285714284,24.230571428571416,23.84513333333333,0.0,0.0,0.0,0.0,0.0,0.0,0.0,4.7733333333333325,10.67,10.15,10.28,9.81,10.366666666666667,10.122857142857143,9.824285714285713,10.404666666666666,0.0,0.0,0.0,0.0,0.0,0.0,0.0,0.0,11.198960564931117,11.207895517471146,11.203364562580301,11.306627079377517,11.203406881660854,11.226857551685017,11.352155554513201,12.342840955858959,77.59691681098255,77.53163483263343,77.44172875383595,76.19697116642374,77.52342679915064,77.08369338508638,76.15713709414015,76.98109708740657,83.0,82.95,83.16,82.86,83.03666666666668,82.98142857142855,83.375,83.38566666666664,1001.656509048425,1001.8224851942058,1001.8689529074751,1001.6464659594991,1001.7826490500353,1001.6670408908514,1002.0892458474484,1002.7822579636619,28.294704609104638,24.37599999999999,0.0,10.79,0.0,11.170502663816492,77.82422698515062,83.11,1001.5609599017581,05-25
2025-05-26 00:05:17.890358,2025,5,26,146,0,0,0.49999999999999994,-0.8660254037844387,0.5877852522924732,-0.8090169943749473,28.294704609104638,28.29226298325654,28.292339684351113,28.29708969818493,28.293102425570765,28.29411188935214,28.301561810553377,28.439495538994397,24.37599999999999,24.188,24.348999999999986,24.241999999999983,24.30433333333333,24.269142857142842,24.249928571428562,23.90766666666666,0.0,0.0,0.0,0.0,0.0,0.0,0.0,2.81,10.79,10.67,10.15,9.83,10.536666666666667,10.262857142857143,9.848571428571429,9.964333333333334,0.0,0.0,0.0,0.0,0.0,0.0,0.0,0.0,11.170502663816492,11.198960564931117,11.207895517471146,11.260824711487334,11.192452915406252,11.20741120660487,11.321115757640452,12.22185771131951,77.82422698515062,77.59691681098255,77.53163483263343,76.5480045762785,77.65092620958887,77.31615850204737,76.39203644690679,76.24190465357826,83.11,83.0,82.95,82.89,83.02,83.01714285714284,83.27214285714284,83.02266666666667,1001.5609599017581,1001.656509048425,1001.8224851942058,1001.4120964156274,1001.6799847147963,1001.6548257397455,1001.979938431072,1002.5509566270539,28.29764492582173,24.194999999999997,0.0,10.48,0.0,11.139532384284292,78.04003910453908,83.23,1001.6349623927272,05-26
2025-05-27 00:05:17.890358,2025,5,27,147,1,0,0.49999999999999994,-0.8660254037844387,0.5737722679043246,-0.8190148866680801,28.29764492582173,28.294704609104638,28.29226298325654,28.295620135803176,28.294870839394303,28.294191207585964,28.299467130715982,28.449417036521787,24.194999999999997,24.37599999999999,24.188,24.225999999999985,24.252999999999997,24.26242857142856,24.251714285714275,23.984166666666663,0.0,0.0,0.0,0.0,0.0,0.0,0.0,2.4699999999999998,10.48,10.79,10.67,10.02,10.646666666666667,10.355714285714285,9.916428571428572,9.847000000000001,0.0,0.0,0.0,0.0,0.0,0.0,0.0,0.0,11.139532384284292,11.170502663816492,11.198960564931117,11.215219130567842,11.169665204343966,11.19008373129015,11.290316093854184,12.059842124128986,78.04003910453908,77.82422698515062,77.59691681098255,76.94135266133853,77.82039430022407,77.52930629179889,76.61096010125031,75.8099059570629,83.23,83.11,83.0,82.99,83.11333333333334,83.0657142857143,83.17857142857143,83.097,1001.6349623927272,1001.5609599017581,1001.656509048425,1001.4575842329126,1001.6174771143034,1001.686663736474,1001.8903841260659,1002.3521220401446,28.298864686944846,24.268999999999984,0.0,10.52,0.0,11.121539933398992,78.1578119822748,83.14,1001.4688269396233,05-27
2025-05-28 00:05:17.890358,2025,5,28,148,2,0,0.49999999999999994,-0.8660254037844387,0.5595892624101765,-0.8287700871745038,28.298864686944846,28.29764492582173,28.294704609104638,28.29379202677855,28.297071407290407,28.29465471489192,28.297795100984967,28.459379192753286,24.268999999999984,24.194999999999997,24.37599999999999,24.30599999999999,24.27999999999999,24.26857142857142,24.256999999999987,24.079799999999995,0.0,0.0,0.0,0.0,0.0,0.0,0.0,2.3233333333333333,10.52,10.48,10.79,10.1,10.596666666666666,10.427142857142856,10.010714285714286,9.864333333333336,0.0,0.0,0.0,0.0,0.0,0.0,0.0,0.0,11.121539933398992,11.139532384284292,11.170502663816492,11.19511129537986,11.143858327166592,11.176700988837457,11.261109694300162,11.913893455242286,78.1578119822748,78.04003910453908,77.82422698515062,77.32924489411198,78.00735935732149,77.70308619478978,76.83473205621628,75.34849968980538,83.14,83.23,83.11,83.02,83.16000000000001,83.08714285714287,83.08428571428571,83.16833333333332,1001.4688269396233,1001.6349623927272,1001.5609599017581,1001.8051924778147,1001.5549164113695,1001.6882698374328,1001.8115850721442,1002.2044162714654,28.299907127195947,24.217,0.0,10.51,0.0,11.09676159179506,78.36407082999743,83.15,1001.6280345015067,05-28
2025-05-29 00:05:17.890358,2025,5,29,149,3,0,0.49999999999999994,-0.8660254037844387,0.545240438540651,-0.8382797052177744,28.299907127195947,28.298864686944846,28.29764492582173,28.29297408798605,28.298805579987505,28.295528300665836,28.2964197478568,28.422709430326485,24.217,24.268999999999984,24.194999999999997,24.19699999999999,24.226999999999993,24.255857142857135,24.25635714285713,24.107033333333327,0.0,0.0,0.0,0.0,0.0,0.0,0.0,2.2933333333333334,10.51,10.52,10.48,10.28,10.503333333333332,10.485714285714286,10.125,10.114666666666666,0.0,0.0,0.0,0.0,0.0,0.0,0.0,0.0,11.09676159179506,11.121539933398992,11.139532384284292,11.203364562580301,11.119277969826115,11.162651031182486,11.233477789804288,11.803785508302122,78.36407082999743,78.1578119822748,78.04003910453908,77.44172875383595,78.18730730560377,77.85091847134483,77.05986908281837,76.02730205080529,83.15,83.14,83.23,83.16,83.17333333333333,83.10571428571428,83.0457142857143,83.33999999999999,1001.6280345015067,1001.4688269396233,1001.6349623927272,1001.8689529074751,1001.5772746112857,1001.6629615551029,1001.7551412698865,1002.145350754849,28.299311146375814,24.323999999999987,0.0,10.54,0.0,11.090810463224102,78.54685832686982,83.04,1001.3919349494342,05-29
2025-05-30 00:05:17.890358,2025,5,30,150,4,0,0.49999999999999994,-0.8660254037844387,0.5307300481619334,-0.8475409228928311,28.299311146375814,28.299907127195947,28.298864686944846,28.292339684351113,28.299360986838867,28.29643359472152,28.295604313082546,28.386019801872344,24.323999999999987,24.217,24.268999999999984,24.348999999999986,24.269999999999992,24.27399999999999,24.26007142857142,24.134499999999992,0.0,0.0,0.0,0.0,0.0,0.0,0.0,2.2633333333333336,10.54,10.51,10.52,10.15,10.523333333333333,10.522857142857143,10.195714285714285,10.266,0.0,0.0,0.0,0.0,0.0,0.0,0.0,0.0,11.090810463224102,11.09676159179506,11.121539933398992,11.207895517471146,11.103037329472718,11.1465718741316,11.209095419924045,11.763479190409589,78.54685832686982,78.36407082999743,78.1578119822748,77.53163483263343,78.35624704638069,78.00879412463539,77.28756807006094,77.14553066170096,83.04,83.15,83.14,82.95,83.11000000000001,83.08857142857143,83.01428571428572,83.508,1001.3919349494342,1001.6280345015067,1001.4688269396233,1001.8224851942058,1001.4962654635214,1001.5948161325258,1001.689087073234,1002.1550819198303,28.298362390718456,24.228999999999996,0.0,10.79,0.0,11.072368635639751,78.86483700597593,82.98,1001.1831183100875,05-30
2025-05-31 00:05:17.890358,2025,5,31,151,5,1,0.49999999999999994,-0.8660254037844387,0.5160623910158528,-0.8565509959010036,28.298362390718456,28.299311146375814,28.299907127195947,28.29226298325654,28.299193554763406,28.297293981345426,28.295494631546116,28.329298548229623,24.228999999999996,24.323999999999987,24.217,24.188,24.25666666666666,24.256857142857136,24.26128571428571,24.188799999999997,0.0,0.0,0.0,0.0,0.0,0.0,0.0,2.1666666666666665,10.79,10.54,10.51,10.67,10.613333333333332,10.614285714285714,10.292142857142858,10.158999999999999,0.0,0.0,0.0,0.0,0.0,0.0,0.0,0.0,11.072368635639751,11.090810463224102,11.09676159179506,11.198960564931117,11.086646896886302,11.127210891012828,11.187108895428045,11.702558144930915,78.86483700597593,78.54685832686982,78.36407082999743,77.59691681098255,78.59192205428106,78.19925157797003,77.51597208164841,77.54102522856682,82.98,83.04,83.15,83.0,83.05666666666667,83.09285714285714,83.03357142857143,83.70733333333332,1001.1831183100875,1001.3919349494342,1001.6280345015067,1001.656509048425,1001.4010292536763,1001.5034780062232,1001.6088434214219,1002.1611858634998,28.296631308845154,24.31299999999999,0.0,10.79,0.0,11.04654737670599,79.21986367208703,82.93,1000.9571702583422,05-31
2025-06-01 00:05:17.890358,2025,6,1,152,6,1,1.2246467991473532e-16,-1.0,0.5012418134457758,-0.865307254363206,28.296631308845154,28.298362390718456,28.299311146375814,28.294704609104638,28.29810161531314,28.297918027858085,28.296256007957886,28.272519591857797,24.31299999999999,24.228999999999996,24.323999999999987,24.37599999999999,24.288666666666657,24.27471428571428,24.26242857142856,24.18923333333333,0.0,0.0,0.0,0.0,0.0,0.0,0.0,2.0133333333333336,10.79,10.79,10.54,10.79,10.706666666666665,10.63142857142857,10.377142857142857,10.018666666666668,0.0,0.0,0.0,0.0,0.0,0.0,0.0,0.0,11.04654737670599,11.072368635639751,11.090810463224102,11.170502663816492,11.069908825189948,11.105437578409239,11.16614756504713,11.51410972415445,79.21986367208703,78.86483700597593,78.54685832686982,77.82422698515062,78.8771863349776,78.43110112955638,77.75739725732139,77.48168735096971,82.93,82.98,83.04,83.11,82.98333333333333,83.08285714285715,83.03214285714286,83.67166666666665,1000.9571702583422,1001.1831183100875,1001.3919349494342,1001.5609599017581,1001.1774078392879,1001.4035724647828,1001.5353066778171,1002.1664248721112,28.294712840142598,24.148999999999997,0.0,10.4,0.0,10.996492636960225,79.80195574554774,83.13,1001.0180844948227,06-01
2025-06-02 00:05:17.890358,2025,6,2,153,0,0,1.2246467991473532e-16,-1.0,0.48627270710868997,-0.8738071036110808,28.294712840142598,28.296631308845154,28.298362390718456,28.29764492582173,28.296568846568736,28.29791920372065,28.296015546536402,28.209010019862546,24.148999999999997,24.31299999999999,24.228999999999996,24.194999999999997,24.23033333333333,24.24228571428571,24.255714285714276,24.19753333333333,0.0,0.0,0.0,0.0,0.0,0.0,0.0,0.5066666666666666,10.4,10.79,10.79,10.48,10.659999999999998,10.575714285714286,10.419285714285715,9.865333333333334,0.0,0.0,0.0,0.0,0.0,0.0,0.0,0.0,10.996492636960225,11.04654737670599,11.072368635639751,11.139532384284292,11.038469549768656,11.080579003144058,11.143995104874465,11.343992812053123,79.80195574554774,79.21986367208703,78.86483700597593,78.04003910453908,79.29555214120357,78.71363380961311,78.01489615583024,77.5750858758213,83.13,82.93,82.98,83.23,83.01333333333334,83.08571428571429,83.05142857142856,83.676,1001.0180844948227,1000.9571702583422,1001.1831183100875,1001.6349623927272,1001.0527910210841,1001.3260188352206,1001.4904222874829,1002.1536943552717,28.292357263227164,24.233999999999995,0.0,10.38,0.0,10.975607296716056,80.01475677746991,83.01,1000.8588769329393,06-02
2025-06-03 00:05:17.890358,2025,6,3,154,1,0,1.2246467991473532e-16,-1.0,0.4711595076738638,-0.8820480249558537,28.292357263227164,28.294712840142598,28.296631308845154,28.298864686944846,28.29456713740497,28.297163823349997,28.29567751546799,28.308755261970116,24.233999999999995,24.148999999999997,24.31299999999999,24.268999999999984,24.231999999999996,24.247857142857136,24.25514285714285,24.19866666666666,0.0,0.0,0.0,0.0,0.0,0.0,0.0,0.2533333333333333,10.38,10.4,10.79,10.52,10.523333333333333,10.56142857142857,10.458571428571428,9.911333333333333,0.0,0.0,0.0,0.0,0.0,0.0,0.0,0.0,10.975607296716056,10.996492636960225,11.04654737670599,11.121539933398992,11.006215770127424,11.057161133491453,11.123622432390802,11.359846388610327,80.01475677746991,79.80195574554774,79.21986367208703,78.1578119822748,79.67885873170157,78.99573633431751,78.2625213130582,77.34224443507031,83.01,83.13,82.93,83.14,83.02333333333333,83.05428571428573,83.05999999999999,83.60966666666667,1000.8588769329393,1001.0180844948227,1000.9571702583422,1001.4688269396233,1000.9447105620347,1001.2151494838223,1001.4509066101482,1002.0856569197032,28.295424035480195,24.302999999999983,0.0,10.29,0.0,10.9489091786051,80.2192152938653,83.0,1001.0180844948227,06-03
